SNo,Class Name,GPT3 discription
1,appearing,"

Objects mysteriously materialize, seemingly from nothingness, often sparking curiosity or surprise among observers. This sudden emergence can occur in various contexts, from stage illusions to supernatural phenomena, adding an element of intrigue to the environment."
2,arriving,"

Objects reach their intended destination, completing a journey or transition, which can signify the beginning of a new phase or event. Whether it's a package arriving at a doorstep or a character entering a scene in a story, arrival denotes a moment of significance and change."
3,bouncing,"

Objects collide with a surface or another object, causing them to rebound in a predictable trajectory, showcasing principles of physics such as elasticity and conservation of momentum. This action can occur in playful scenarios, like bouncing balls, or in more serious contexts, such as car collisions."
4,changing color,"

Objects undergo a visual transformation, altering their appearance by adopting new hues, shades, or patterns, often influenced by environmental factors or internal processes. Whether it's leaves changing color in autumn or a chameleon blending into its surroundings, color change serves various purposes, including camouflage, communication, or aesthetic enhancement."
5,changing shape,"

Objects undergo a physical metamorphosis, reshaping their form and structure through processes like growth, deformation, or manipulation. This phenomenon is observed in natural occurrences like melting ice sculptures or in technological innovations like shape-shifting robots, showcasing the adaptability and malleability of matter."
6,cloning,"

Objects replicate themselves, producing exact duplicates or copies through methods such as binary fission, cellular division, or artificial cloning techniques. This replication process can occur in biological organisms, like bacteria reproducing, or in technological systems, such as duplicating files on a computer, leading to increased numbers or redundancy."
7,departing,"

Objects leave a particular location or area, signaling the conclusion of their presence or involvement, which can evoke emotions ranging from farewell to relief. Whether it's a departing train leaving the station or a departing guest bidding adieu, departure marks a transition from one state to another, often carrying symbolic significance."
8,disappearing,"

Objects vanish from sight or perception, seemingly ceasing to exist within the observable environment, creating a sense of mystery or intrigue. This disappearance can occur suddenly, like a magician making an object vanish, or gradually, like fog dissipating, leaving behind an air of uncertainty or wonder."
9,expanding,"

Objects increase in size, volume, or scope, spreading outwards to occupy more space or encompass a broader area, often driven by internal forces or external influences. This expansion can be observed in phenomena like inflating balloons or in concepts such as urban sprawl, highlighting growth and progression."
10,falling,"

Objects descend under the influence of gravity, moving downwards from a higher position to a lower one, often resulting in impact or collision upon reaching the ground or another surface. This action is ubiquitous in nature, from falling leaves in autumn to falling raindrops, embodying principles of physics and natural dynamics."
11,following,"

Objects track or pursue another entity, maintaining a consistent spatial relationship or mimicking its movements, which can occur in various contexts, from animal behavior to technological systems. This following behavior can be driven by instinct, programming, or social dynamics, facilitating coordination, cooperation, or surveillance."
12,merging,"

Objects combine or unite to form a single entity or structure, integrating their individual components or attributes, often resulting in a synergistic effect or greater complexity. This merging process can occur in natural phenomena like the merging of rivers or in human activities such as corporate mergers, leading to consolidation, integration, or transformation."
13,moving in a path,"

Objects traverse along a predetermined route or trajectory, following a specified course of motion, which can be influenced by external forces, internal mechanisms, or navigational guidance. This movement can occur in various contexts, from celestial bodies orbiting in space to vehicles following roads on land, showcasing predictability and purposefulness."
14,not colliding,"

Objects avoid physical contact or collision with other entities, maintaining a separation or distance to prevent interference or damage, which can be achieved through spatial awareness, navigation algorithms, or reactive responses. This avoidance behavior is crucial for safety, efficiency, and coordination in systems ranging from traffic flow to particle physics experiments."
15,occlusion,"

Objects obstruct the view or visibility of other entities, blocking their line of sight or concealing them from observation, which can occur naturally or intentionally in various contexts. Whether it's clouds obscuring the sun or obstacles obstructing a camera's view, occlusion influences perception and spatial relationships, creating moments of concealment or revelation."
16,orbiting,"

Objects revolve or circulate around another entity in a regular or elliptical path, influenced by gravitational forces or centripetal motion, which can occur in celestial systems, technological orbits, or social dynamics. Whether it's moons orbiting planets or satellites orbiting Earth, this orbital motion embodies principles of dynamics and stability, shaping interactions and relationships."
17,rising,"

Objects ascend or move upward from a lower position to a higher one, often propelled by internal forces like buoyancy, propulsion, or growth, which can occur in various contexts, from hot air balloons rising in the sky to bubbles rising in water. This upward movement symbolizes ascent, progression, or elevation, reflecting growth and ambition."
18,shooting projectile,"

Objects propel smaller entities or projectiles outward with force or velocity, often directed towards a target or destination, which can occur in natural processes like volcanic eruptions or in human activities such as shooting sports. This projectile motion embodies principles of kinetics and momentum transfer, influencing trajectories and impacts."
19,shrinking,"

Objects decrease in size or diminish their dimensions, contracting or reducing their overall scale, often influenced by factors such as temperature, pressure, or spatial constraints. Whether it's ice cubes melting or digital files compressing, shrinking reflects processes of reduction or condensation, leading to compactness or concentration."
20,teleporting,"

Objects instantaneously relocate from one point to another without traversing the space in between, often achieved through advanced technology or supernatural means, which can occur in science fiction narratives or theoretical physics concepts. This teleportation phenomenon defies conventional notions of spatial movement, enabling instantaneous transportation or displacement."